Workbook

Sheet Instructions
A1: Crypto Trading — Journal & Backtest Template
A2: Companion spreadsheet for the Crypto Trading Micro-Learning course.
A4: How to use this workbook
A5: 1. Trade Log — log every real or demo trade the moment you take it. Type only the blue columns (Date, Pair, Direction, Entry, Stop, Target, Size, Account size, Risk %, Exit price, Reason, Result, Lesson). The grey columns (Risk $, P/L $, R-multiple) calculate automatically.
A6: 2. Dashboard — reads directly from the Trade Log and shows your win rate, average R, total R, and expectancy. Refreshes automatically as you add rows — nothing to type here.
A7: 3. Backtest — before risking real money on a new playbook, replay it against historical charts. Log each hypothetical trade the same way, then check the summary stats to see whether the rule set has positive expectancy over a meaningful sample (aim for 30-100+ trades).
A9: Column legend
A10: Blue background = type your own values here.
A11: Grey background = formula-driven; leave these alone.
A13: Key formulas used
A14: Risk $ = ABS(Entry - Stop) x Size
A15: P/L $ = (Exit - Entry) x Size, sign-flipped for Short positions
... A23: Grey = auto-calculated

Sheet Trade Log
A1: Date | B1: Pair | C1: Direction | D1: Entry | E1: Stop | F1: Target | G1: Size (units) | H1: Account size ($) | I1: Risk % | J1: Risk $ | K1: Exit price | L1: P/L $ | M1: R-multiple | N1: Reason | O1: Result | P1: Lesson
J2: =IF(OR(D2="",E2="",G2=""),"",ABS(D2-E2)*G2) | L2: =IF(OR(D2="",K2="",G2=""),"",IF(LOWER(C2)="short",(D2-K2)*G2,(K2-D2)*G2)) | M2: =IF(OR(L2="",J2="",J2=0),"",L2/J2)
J3: =IF(OR(D3="",E3="",G3=""),"",ABS(D3-E3)*G3) | L3: =IF(OR(D3="",K3="",G3=""),"",IF(LOWER(C3)="short",(D3-K3)*G3,(K3-D3)*G3)) | M3: =IF(OR(L3="",J3="",J3=0),"",L3/J3)
J4: =IF(OR(D4="",E4="",G4=""),"",ABS(D4-E4)*G4) | L4: =IF(OR(D4="",K4="",G4=""),"",IF(LOWER(C4)="short",(D4-K4)*G4,(K4-D4)*G4)) | M4: =IF(OR(L4="",J4="",J4=0),"",L4/J4)
J5: =IF(OR(D5="",E5="",G5=""),"",ABS(D5-E5)*G5) | L5: =IF(OR(D5="",K5="",G5=""),"",IF(LOWER(C5)="short",(D5-K5)*G5,(K5-D5)*G5)) | M5: =IF(OR(L5="",J5="",J5=0),"",L5/J5)
J6: =IF(OR(D6="",E6="",G6=""),"",ABS(D6-E6)*G6) | L6: =IF(OR(D6="",K6="",G6=""),"",IF(LOWER(C6)="short",(D6-K6)*G6,(K6-D6)*G6)) | M6: =IF(OR(L6="",J6="",J6=0),"",L6/J6)
J7: =IF(OR(D7="",E7="",G7=""),"",ABS(D7-E7)*G7) | L7: =IF(OR(D7="",K7="",G7=""),"",IF(LOWER(C7)="short",(D7-K7)*G7,(K7-D7)*G7)) | M7: =IF(OR(L7="",J7="",J7=0),"",L7/J7)
J8: =IF(OR(D8="",E8="",G8=""),"",ABS(D8-E8)*G8) | L8: =IF(OR(D8="",K8="",G8=""),"",IF(LOWER(C8)="short",(D8-K8)*G8,(K8-D8)*G8)) | M8: =IF(OR(L8="",J8="",J8=0),"",L8/J8)
J9: =IF(OR(D9="",E9="",G9=""),"",ABS(D9-E9)*G9) | L9: =IF(OR(D9="",K9="",G9=""),"",IF(LOWER(C9)="short",(D9-K9)*G9,(K9-D9)*G9)) | M9: =IF(OR(L9="",J9="",J9=0),"",L9/J9)
J10: =IF(OR(D10="",E10="",G10=""),"",ABS(D10-E10)*G10) | L10: =IF(OR(D10="",K10="",G10=""),"",IF(LOWER(C10)="short",(D10-K10)*G10,(K10-D10)*G10)) | M10: =IF(OR(L10="",J10="",J10=0),"",L10/J10)
J11: =IF(OR(D11="",E11="",G11=""),"",ABS(D11-E11)*G11) | L11: =IF(OR(D11="",K11="",G11=""),"",IF(LOWER(C11)="short",(D11-K11)*G11,(K11-D11)*G11)) | M11: =IF(OR(L11="",J11="",J11=0),"",L11/J11)
J12: =IF(OR(D12="",E12="",G12=""),"",ABS(D12-E12)*G12) | L12: =IF(OR(D12="",K12="",G12=""),"",IF(LOWER(C12)="short",(D12-K12)*G12,(K12-D12)*G12)) | M12: =IF(OR(L12="",J12="",J12=0),"",L12/J12)
J13: =IF(OR(D13="",E13="",G13=""),"",ABS(D13-E13)*G13) | L13: =IF(OR(D13="",K13="",G13=""),"",IF(LOWER(C13)="short",(D13-K13)*G13,(K13-D13)*G13)) | M13: =IF(OR(L13="",J13="",J13=0),"",L13/J13)
... J201: =IF(OR(D201="",E201="",G201=""),"",ABS(D201-E201)*G201) | L201: =IF(OR(D201="",K201="",G201=""),"",IF(LOWER(C201)="short",(D201-K201)*G201,(K201-D201)*G201)) | M201: =IF(OR(L201="",J201="",J201=0),"",L201/J201)

Sheet Dashboard
A1: Trading Dashboard
A2: Live stats computed from the Trade Log. Add rows there — this updates automatically.
A4: Closed trades | B4: =COUNTIF('Trade Log'!O2:O201,"Win")+COUNTIF('Trade Log'!O2:O201,"Loss")+COUNTIF('Trade Log'!O2:O201,"Breakeven")
A5: Wins | B5: =COUNTIF('Trade Log'!O2:O201,"Win")
A6: Losses | B6: =COUNTIF('Trade Log'!O2:O201,"Loss")
A7: Breakeven | B7: =COUNTIF('Trade Log'!O2:O201,"Breakeven")
A8: Win rate | B8: =IFERROR(B3/B2,"")
A9: Average R-multiple (expectancy) | B9: =IFERROR(AVERAGE('Trade Log'!M2:M201),"")
A10: Total R | B10: =IFERROR(SUM('Trade Log'!M2:M201),"")
A11: Best trade (R) | B11: =IFERROR(MAX('Trade Log'!M2:M201),"")
A12: Worst trade (R) | B12: =IFERROR(MIN('Trade Log'!M2:M201),"")
A13: Total P/L ($) | B13: =IFERROR(SUM('Trade Log'!L2:L201),"")
A16: Reminder: a positive expectancy (average R above 0) across a meaningful sample is what makes a strategy worth trading — not any single winning trade.

Sheet Backtest
A1: Date | B1: Pair | C1: Playbook / setup | D1: Direction | E1: Entry | F1: Stop | G1: Target | H1: Planned R | I1: Outcome | J1: R achieved | K1: Notes | N1: Backtest summary
J2: =IF(I2="","",IF(LOWER(I2)="win",H2,IF(LOWER(I2)="loss",-1,IF(LOWER(I2)="breakeven",0,"")))) | N2: Trades logged | O2: =COUNTIF(I2:I201,"Win")+COUNTIF(I2:I201,"Loss")+COUNTIF(I2:I201,"Breakeven")
J3: =IF(I3="","",IF(LOWER(I3)="win",H3,IF(LOWER(I3)="loss",-1,IF(LOWER(I3)="breakeven",0,"")))) | N3: Win rate | O3: =IFERROR((COUNTIF(I2:I201,"Win"))/(COUNTIF(I2:I201,"Win")+COUNTIF(I2:I201,"Loss")+COUNTIF(I2:I201,"Breakeven")),"")
J4: =IF(I4="","",IF(LOWER(I4)="win",H4,IF(LOWER(I4)="loss",-1,IF(LOWER(I4)="breakeven",0,"")))) | N4: Expectancy (avg R) | O4: =IFERROR(AVERAGE(J2:J201),"")
J5: =IF(I5="","",IF(LOWER(I5)="win",H5,IF(LOWER(I5)="loss",-1,IF(LOWER(I5)="breakeven",0,"")))) | N5: Total R | O5: =IFERROR(SUM(J2:J201),"")
J6: =IF(I6="","",IF(LOWER(I6)="win",H6,IF(LOWER(I6)="loss",-1,IF(LOWER(I6)="breakeven",0,""))))
J7: =IF(I7="","",IF(LOWER(I7)="win",H7,IF(LOWER(I7)="loss",-1,IF(LOWER(I7)="breakeven",0,""))))
J8: =IF(I8="","",IF(LOWER(I8)="win",H8,IF(LOWER(I8)="loss",-1,IF(LOWER(I8)="breakeven",0,""))))
J9: =IF(I9="","",IF(LOWER(I9)="win",H9,IF(LOWER(I9)="loss",-1,IF(LOWER(I9)="breakeven",0,""))))
J10: =IF(I10="","",IF(LOWER(I10)="win",H10,IF(LOWER(I10)="loss",-1,IF(LOWER(I10)="breakeven",0,""))))
J11: =IF(I11="","",IF(LOWER(I11)="win",H11,IF(LOWER(I11)="loss",-1,IF(LOWER(I11)="breakeven",0,""))))
J12: =IF(I12="","",IF(LOWER(I12)="win",H12,IF(LOWER(I12)="loss",-1,IF(LOWER(I12)="breakeven",0,""))))
J13: =IF(I13="","",IF(LOWER(I13)="win",H13,IF(LOWER(I13)="loss",-1,IF(LOWER(I13)="breakeven",0,""))))
J14: =IF(I14="","",IF(LOWER(I14)="win",H14,IF(LOWER(I14)="loss",-1,IF(LOWER(I14)="breakeven",0,""))))
J15: =IF(I15="","",IF(LOWER(I15)="win",H15,IF(LOWER(I15)="loss",-1,IF(LOWER(I15)="breakeven",0,""))))
J16: =IF(I16="","",IF(LOWER(I16)="win",H16,IF(LOWER(I16)="loss",-1,IF(LOWER(I16)="breakeven",0,""))))
J17: =IF(I17="","",IF(LOWER(I17)="win",H17,IF(LOWER(I17)="loss",-1,IF(LOWER(I17)="breakeven",0,""))))
... J201: =IF(I201="","",IF(LOWER(I201)="win",H201,IF(LOWER(I201)="loss",-1,IF(LOWER(I201)="breakeven",0,""))))
